x,y
841,756
844,756
846,758
846,761
847,762
847,766
847,764
848,763
849,763
850,762
851,762
852,761
851,762
850,762
849,763
848,763
846,761
846,758
844,756
874,746
873,747
872,747
869,750
872,747
873,747
963,739
962,740
963,739
964,739
1118,573
1117,574
1115,574
1114,575
1115,574
1117,574
1118,573
1125,573
1126,574
1127,574
1126,574
1125,573
0,554
0,557
1031,537
1030,538
1028,538
1027,539
1015,539
1014,540
1011,540
1009,542
1008,542
1007,543
1007,544
1005,546
1005,548
1000,553
1000,554
998,556
998,557
997,558
997,565
996,566
996,578
995,579
995,581
996,582
996,587
989,594
989,596
988,597
988,598
987,599
987,601
986,602
986,604
985,605
985,607
984,608
984,610
983,611
983,612
980,615
980,619
979,620
979,621
978,622
978,623
977,624
977,625
976,626
976,629
975,630
975,634
974,635
974,639
973,640
973,642
970,645
970,646
969,647
969,648
968,649
968,651
964,655
963,655
962,656
961,656
959,658
959,659
958,660
958,666
957,667
957,668
956,669
956,670
954,672
954,673
950,677
950,678
949,679
949,680
948,681
948,682
946,684
946,685
945,686
945,687
944,688
944,689
943,690
942,690
941,691
940,691
939,692
937,692
933,696
933,699
932,700
932,701
928,705
927,705
926,706
925,706
924,707
921,707
918,710
917,710
916,711
916,712
914,714
914,715
913,716
913,717
909,721
909,722
908,723
907,723
906,724
905,724
904,725
903,725
902,726
900,726
896,730
894,730
893,731
892,731
891,732
889,732
888,733
887,733
885,735
885,736
884,737
884,738
883,739
884,738
884,737
885,736
885,735
887,733
888,733
889,732
891,732
892,731
893,731
894,730
896,730
900,726
902,726
903,725
904,725
905,724
906,724
907,723
908,723
909,722
909,721
913,717
913,716
914,715
914,714
916,712
916,711
917,710
918,710
921,707
924,707
925,706
926,706
927,705
928,705
932,701
932,700
933,699
933,696
937,692
939,692
940,691
941,691
942,690
943,690
944,689
944,688
945,687
945,686
946,685
946,684
948,682
948,681
949,680
949,679
950,678
950,677
954,673
954,672
956,670
956,669
957,668
957,667
958,666
958,660
959,659
959,658
961,656
962,656
963,655
964,655
968,651
968,649
969,648
969,647
970,646
970,645
972,643
974,643
980,649
981,649
982,650
985,650
986,649
985,650
982,650
981,649
980,649
973,642
973,640
974,639
974,635
975,634
975,630
976,629
976,626
977,625
977,624
978,623
978,622
979,621
979,620
980,619
980,615
983,612
983,611
984,610
984,608
985,607
985,605
986,604
986,602
987,601
987,599
988,598
988,597
989,596
989,594
996,587
996,585
997,584
998,584
999,583
1021,583
1022,582
1026,582
1027,581
1032,581
1033,582
1033,583
1034,584
1034,586
1035,587
1034,586
1034,584
1033,583
1033,581
1034,580
1035,580
1036,579
1038,579
1039,578
1040,578
1041,577
1044,577
1045,576
1044,577
1041,577
1040,578
1039,578
1038,579
1036,579
1035,580
1034,580
1033,581
1032,580
1032,554
1033,553
1040,553
1041,552
1040,553
1034,553
1033,552
1033,541
1032,540
1032,538
1106,519
1105,520
1105,521
1104,522
1103,522
1102,523
1099,523
1096,526
1096,533
1095,534
1094,534
1093,535
1092,535
1091,536
1090,536
1085,541
1084,541
1083,542
1078,542
1077,543
1073,543
1072,544
1070,544
1069,545
1067,545
1065,547
1064,547
1063,548
1062,548
1060,550
1058,550
1060,550
1062,548
1063,548
1064,547
1065,547
1067,545
1069,545
1070,544
1072,544
1073,543
1077,543
1078,542
1083,542
1084,541
1085,541
1090,536
1091,536
1092,535
1093,535
1094,534
1096,534
1104,542
1104,543
1105,544
1104,543
1104,542
1096,534
1096,526
1099,523
1102,523
1103,522
1104,522
1107,525
1108,525
1109,526
1111,526
1112,527
1124,527
1125,528
1131,528
1132,529
1140,529
1141,530
1148,530
1149,531
1154,531
1155,532
1156,532
1159,535
1159,536
1165,542
1168,542
1169,543
1171,543
1172,544
1173,544
1177,548
1178,548
1179,549
1181,549
1182,550
1185,550
1186,551
1189,551
1190,552
1191,552
1192,553
1194,553
1195,554
1197,554
1198,555
1200,555
1201,556
1208,556
1209,557
1211,557
1215,561
1215,562
1219,566
1219,567
1220,568
1220,569
1221,570
1221,571
1226,576
1225,577
1225,578
1224,579
1224,581
1223,582
1223,583
1216,590
1214,590
1213,591
1194,591
1193,590
1190,590
1189,589
1178,589
1177,588
1177,586
1176,585
1176,584
1176,585
1177,586
1177,589
1173,593
1172,593
1171,594
1172,593
1173,593
1177,589
1189,589
1190,590
1193,590
1194,591
1213,591
1214,590
1216,590
1222,584
1224,584
1225,585
1225,586
1230,591
1230,592
1232,594
1230,592
1230,591
1225,586
1225,585
1223,583
1223,582
1224,581
1224,579
1225,578
1225,577
1226,576
1231,576
1232,577
1235,577
1236,578
1251,578
1252,579
1254,579
1255,580
1256,580
1261,585
1263,585
1264,586
1266,586
1267,587
1268,587
1273,592
1275,592
1280,597
1281,597
1282,598
1286,598
1287,599
1289,599
1290,600
1291,600
1292,601
1293,601
1294,602
1295,602
1299,606
1299,607
1300,608
1300,609
1301,610
1301,611
1302,612
1302,613
1304,615
1304,616
1305,617
1305,619
1306,620
1306,621
1307,622
1307,623
1308,624
1308,625
1309,626
1309,628
1312,631
1320,631
1321,632
1322,632
1323,633
1324,633
1332,641
1333,641
1334,642
1337,642
1338,643
1341,643
1342,644
1346,644
1348,646
1349,646
1352,649
1353,649
1354,650
1355,650
1356,651
1358,651
1359,652
1360,652
1362,654
1363,654
1364,655
1366,655
1367,656
1370,656
1371,657
1371,661
1372,662
1372,664
1372,662
1371,661
1371,657
1372,656
1383,656
1384,655
1385,655
1386,654
1386,645
1387,644
1387,642
1387,644
1386,645
1386,654
1385,655
1384,655
1383,656
1367,656
1366,655
1364,655
1363,654
1362,654
1360,652
1359,652
1358,651
1356,651
1355,650
1354,650
1353,649
1352,649
1349,646
1348,646
1346,644
1342,644
1341,643
1338,643
1337,642
1334,642
1333,641
1332,641
1324,633
1323,633
1322,632
1321,632
1320,631
1312,631
1309,628
1309,626
1308,625
1308,624
1307,623
1307,622
1306,621
1306,620
1305,619
1305,617
1304,616
1304,615
1302,613
1302,612
1301,611
1301,610
1300,609
1300,608
1299,607
1299,606
1297,604
1297,603
1301,599
1303,599
1304,598
1311,598
1312,597
1313,597
1314,596
1315,596
1316,595
1318,595
1319,594
1322,594
1323,595
1328,595
1329,596
1333,596
1334,597
1336,597
1337,598
1339,598
1340,599
1341,599
1342,600
1343,600
1344,601
1346,601
1347,602
1346,601
1344,601
1343,600
1342,600
1341,599
1340,599
1339,598
1337,598
1336,597
1334,597
1333,596
1329,596
1328,595
1323,595
1322,594
1319,594
1318,595
1316,595
1315,596
1314,596
1313,597
1312,597
1311,598
1304,598
1303,599
1301,599
1297,603
1296,603
1295,602
1294,602
1293,601
1292,601
1291,600
1290,600
1289,599
1287,599
1286,598
1282,598
1281,597
1280,597
1275,592
1273,592
1268,587
1267,587
1266,586
1264,586
1263,585
1261,585
1256,580
1255,580
1254,579
1252,579
1251,578
1236,578
1235,577
1232,577
1231,576
1226,576
1221,571
1221,570
1220,569
1220,568
1219,567
1219,566
1215,562
1215,561
1211,557
1209,557
1208,556
1201,556
1200,555
1198,555
1197,554
1195,554
1194,553
1192,553
1191,552
1190,552
1189,551
1186,551
1185,550
1182,550
1181,549
1179,549
1178,548
1177,548
1173,544
1172,544
1171,543
1169,543
1168,542
1165,542
1159,536
1159,535
1156,532
1155,532
1154,531
1149,531
1148,530
1141,530
1140,529
1132,529
1131,528
1125,528
1124,527
1112,527
1111,526
1109,526
1108,525
1107,525
1104,522
1105,521
1105,520
1143,349
1144,350
1144,352
1147,355
1144,352
1144,350
1266,311
1268,311
1269,312
1272,312
1269,312
1268,311
394,224
397,224
398,225
408,225
409,226
411,226
412,225
411,226
409,226
408,225
398,225
397,224
572,117
571,118
571,121
568,124
566,124
565,125
556,125
555,126
542,126
541,127
536,127
535,128
524,128
523,129
518,129
517,130
515,130
514,131
482,131
481,130
481,122
482,121
482,120
482,121
481,122
481,130
480,131
477,131
476,132
471,132
470,133
463,133
462,134
455,134
454,135
452,135
450,137
436,137
435,138
434,138
433,139
432,139
429,142
428,142
427,143
421,143
420,144
408,144
407,145
405,145
404,146
402,146
400,148
399,148
394,153
393,153
392,154
390,154
389,155
388,155
387,156
385,156
384,157
380,157
379,158
376,158
375,159
372,159
371,160
367,160
366,161
363,161
362,162
357,162
356,161
356,157
357,156
357,154
358,153
358,151
359,150
359,148
360,147
360,146
361,145
361,141
361,145
360,146
360,147
359,148
359,150
358,151
358,153
357,154
357,156
356,157
356,161
355,162
353,162
352,163
351,163
350,164
349,164
348,165
346,165
344,167
343,167
338,172
338,179
337,180
337,181
335,183
334,183
333,184
330,184
329,185
325,185
324,186
321,186
319,188
318,188
314,192
313,192
308,187
308,177
309,176
308,177
308,187
313,192
313,195
312,196
312,197
311,198
311,200
310,201
310,203
309,204
309,206
308,207
308,214
307,215
307,219
306,220
306,224
305,225
305,227
303,229
302,229
301,230
299,230
298,231
296,231
292,235
292,236
291,237
291,239
290,240
290,242
289,243
289,244
287,246
285,246
284,247
282,247
281,248
279,248
278,249
276,249
275,250
274,250
273,251
272,251
271,252
269,252
268,253
267,253
266,254
265,254
264,255
262,255
261,256
260,256
259,257
258,257
252,263
248,263
247,264
242,264
241,265
239,265
238,266
237,266
236,267
234,267
233,268
231,268
230,269
229,269
228,270
219,270
218,269
219,270
228,270
229,269
230,269
231,268
233,268
234,267
236,267
237,266
238,266
239,265
241,265
242,264
247,264
248,263
252,263
258,257
259,257
260,256
261,256
262,255
264,255
265,254
266,254
267,253
268,253
269,252
271,252
272,251
273,251
274,250
275,250
276,249
278,249
279,248
281,248
282,247
284,247
285,246
287,246
288,245
289,245
298,254
298,255
299,256
299,257
301,259
301,260
303,262
303,263
305,265
305,266
309,270
309,271
310,272
312,272
313,273
314,273
315,274
320,274
321,275
325,275
326,276
340,276
341,277
348,277
357,268
361,268
362,269
365,269
366,270
368,270
369,271
368,272
368,275
367,276
367,277
366,278
367,277
367,276
368,275
368,272
369,271
371,271
372,272
397,272
398,271
427,271
428,270
461,270
462,271
488,271
489,270
514,270
515,269
528,269
529,268
548,268
549,267
570,267
571,268
574,268
575,269
576,269
577,270
581,270
582,271
585,271
586,272
589,272
590,273
596,273
597,274
600,274
601,275
603,275
604,276
605,276
606,277
607,277
615,285
616,285
617,286
618,286
619,287
622,287
623,288
624,288
625,289
626,289
628,291
629,291
632,294
632,295
634,297
634,298
636,300
636,302
637,303
637,305
638,306
638,308
639,309
639,310
640,311
640,314
639,315
639,319
638,320
638,322
637,323
637,324
636,325
636,327
635,328
635,330
634,331
634,333
633,334
633,336
632,337
632,340
631,341
631,343
630,344
629,344
628,345
627,345
626,346
624,346
623,347
622,347
621,348
620,348
619,349
618,349
617,350
616,350
615,351
613,351
612,352
611,352
610,353
609,353
608,354
607,354
606,355
605,355
604,356
603,356
602,357
599,357
598,358
597,358
596,359
594,359
593,360
591,360
590,361
589,361
588,362
587,362
586,363
585,363
584,364
583,364
580,367
579,367
578,368
577,368
575,370
574,370
573,371
571,371
568,374
567,374
566,375
565,375
564,376
563,376
561,378
559,378
558,379
552,379
551,380
544,380
543,381
541,381
540,382
538,382
537,383
533,383
532,384
527,384
526,385
516,385
515,386
510,386
509,387
475,387
473,385
471,385
470,384
460,384
459,383
439,383
438,382
435,382
434,383
384,383
383,382
381,382
380,381
359,381
358,382
341,382
340,383
332,383
331,384
327,384
326,385
325,385
323,387
320,387
319,388
312,388
311,389
308,389
307,390
305,390
303,392
302,392
299,389
299,387
298,386
298,385
298,386
299,387
299,389
302,392
302,393
301,394
290,394
289,395
267,395
266,396
265,396
264,397
253,397
252,398
251,398
249,400
247,400
246,401
244,401
243,402
241,402
239,404
236,404
235,405
231,405
230,406
229,406
227,408
225,408
224,409
219,409
218,410
217,410
214,413
214,414
213,415
213,416
209,420
206,420
205,421
203,421
202,422
200,422
199,423
197,423
195,425
193,425
192,426
191,426
190,427
189,427
187,429
186,429
182,433
181,433
180,434
178,434
177,435
175,435
174,436
173,436
170,439
169,439
162,446
161,446
158,449
158,450
156,452
155,452
154,453
152,453
151,454
150,454
149,455
147,455
146,456
145,456
144,457
143,457
142,458
141,458
140,459
140,460
139,461
139,463
137,465
136,465
135,466
134,466
130,470
130,471
129,472
129,474
128,475
127,475
122,480
121,480
118,483
117,483
115,485
115,486
114,487
114,488
111,491
111,492
110,493
110,495
109,496
109,499
108,500
102,494
96,494
95,495
94,495
91,498
90,498
89,499
88,499
80,507
79,507
78,508
77,508
76,509
77,508
78,508
79,507
80,507
88,499
89,499
90,498
91,498
94,495
95,495
96,494
102,494
108,500
108,535
91,552
90,552
84,558
84,560
83,561
83,563
82,564
82,566
79,569
78,569
77,570
72,570
71,569
72,570
77,570
78,569
79,569
82,566
82,564
83,563
83,561
84,560
84,558
90,552
91,552
107,536
109,536
119,546
120,546
121,547
123,547
124,548
125,548
126,549
127,549
129,551
129,552
132,555
133,555
134,556
135,556
136,557
137,557
139,559
140,559
141,560
143,560
144,561
147,561
148,562
150,562
151,563
152,563
153,564
155,564
156,565
157,565
158,566
159,566
160,567
161,567
163,569
164,569
165,570
166,570
168,572
170,572
171,573
174,573
175,574
177,574
178,575
180,575
181,576
184,576
185,577
186,577
187,578
189,578
190,579
191,579
192,580
192,581
194,583
194,588
195,589
195,597
196,598
196,600
197,601
197,603
198,604
198,605
199,606
198,605
198,604
197,603
197,601
196,600
196,598
195,597
195,589
194,588
194,584
195,583
198,583
199,584
207,584
208,585
211,585
212,584
234,584
235,583
256,583
257,582
269,582
270,581
279,581
280,580
283,580
284,579
292,579
293,578
300,578
301,577
309,577
310,576
312,576
313,575
322,575
323,574
329,574
330,573
333,573
334,572
338,572
339,571
342,571
343,570
351,570
352,569
358,569
359,568
363,568
364,567
372,567
373,566
374,566
378,562
380,562
381,561
382,561
383,560
384,560
385,559
387,559
388,558
390,558
391,557
392,557
393,556
395,556
396,555
400,555
401,554
405,554
406,553
411,553
412,552
419,552
420,551
429,551
430,550
431,550
432,549
434,549
435,548
440,548
441,547
447,547
448,546
451,546
461,556
462,556
461,556
451,546
452,545
452,544
455,541
455,540
457,538
457,537
459,535
460,535
461,534
464,534
465,533
470,533
471,532
472,532
473,531
479,531
480,530
486,530
487,529
488,529
489,528
490,528
491,527
500,527
501,526
508,526
509,525
513,525
515,527
515,528
516,529
516,544
519,547
533,547
534,548
536,548
537,549
539,549
540,550
543,550
555,538
555,537
556,536
556,535
557,534
557,533
558,532
558,531
561,528
562,528
563,527
564,527
566,525
567,525
568,524
569,524
572,521
573,521
574,520
577,520
578,519
582,519
583,518
588,518
589,517
599,517
600,516
616,516
617,515
634,515
635,516
633,518
633,520
629,524
629,525
627,527
627,528
626,529
627,528
627,527
629,525
629,524
633,520
633,518
635,516
641,516
642,515
672,515
673,514
674,515
695,515
696,516
710,516
711,517
719,517
720,518
726,518
727,519
734,519
735,520
741,520
742,521
744,521
745,522
751,522
752,523
756,523
757,524
759,524
760,525
763,525
767,529
767,530
768,531
768,532
769,533
769,534
771,536
771,537
776,542
753,565
751,565
750,566
743,566
742,567
741,567
740,568
738,568
737,569
736,569
735,570
734,570
733,571
732,571
731,572
730,572
727,575
727,576
725,578
717,578
716,577
717,578
726,578
727,579
726,578
726,577
727,576
727,575
730,572
731,572
732,571
733,571
734,570
735,570
736,569
737,569
738,568
740,568
741,567
742,567
743,566
750,566
751,565
753,565
776,542
778,542
779,543
780,543
782,545
782,547
781,548
781,550
780,551
780,553
779,554
779,555
778,556
778,558
777,559
777,560
776,561
776,563
775,564
775,565
774,566
774,567
773,568
773,569
772,570
772,571
771,572
771,574
770,575
770,577
769,578
769,580
768,581
768,582
766,584
766,585
765,586
765,587
764,588
764,589
763,590
763,591
762,592
762,593
761,594
761,595
760,596
760,597
757,600
754,600
753,601
750,601
749,602
747,602
745,604
744,604
743,605
743,606
742,607
742,608
740,610
737,610
736,611
731,611
730,612
728,612
726,614
725,614
723,616
722,616
721,617
718,617
716,619
714,619
713,620
710,620
709,621
704,621
703,622
692,622
691,623
674,623
673,624
666,624
665,625
658,625
657,626
649,626
648,627
646,627
645,628
641,628
640,629
633,629
632,630
606,630
605,631
604,631
603,632
597,632
596,633
595,633
591,637
591,638
590,639
590,641
588,643
587,643
586,644
583,644
582,645
581,645
577,649
577,651
576,652
576,656
575,657
575,658
574,659
574,661
573,662
573,663
572,664
572,665
571,666
571,667
570,668
570,670
569,671
569,672
568,673
568,674
567,675
567,676
566,677
566,678
563,681
562,681
561,682
559,682
558,683
556,683
555,684
554,684
552,686
551,686
550,687
549,687
548,688
546,688
545,689
544,689
541,692
541,695
540,696
540,699
539,700
539,702
538,703
538,704
537,705
537,706
536,707
536,708
535,709
535,710
534,711
534,716
533,717
533,718
532,719
532,720
531,721
531,722
530,723
530,724
526,728
526,729
525,730
525,731
524,732
524,734
523,735
523,736
521,738
521,739
517,743
516,743
515,744
514,744
510,748
510,750
509,751
509,755
508,756
508,760
507,761
507,765
506,766
506,771
505,772
505,776
504,777
504,782
503,783
503,786
502,787
502,798
501,799
501,805
499,807
498,807
497,808
496,808
495,809
493,809
492,810
491,810
490,811
489,811
486,814
478,814
477,815
474,815
473,816
472,816
471,817
470,817
469,818
459,818
458,819
454,819
453,820
451,820
450,821
449,821
448,822
449,821
450,821
451,820
453,820
454,819
458,819
459,818
469,818
470,817
471,817
472,816
473,816
474,815
477,815
478,814
486,814
489,811
490,811
491,810
492,810
493,809
495,809
496,808
497,808
498,807
501,807
510,816
510,818
511,819
511,824
512,825
512,829
513,830
513,836
493,856
493,864
494,865
494,866
494,865
493,864
493,856
512,837
514,837
515,838
517,838
518,839
523,839
528,844
528,845
530,847
530,849
531,850
531,851
532,852
532,853
533,854
533,855
534,856
534,858
535,859
535,860
536,861
536,862
538,864
538,865
539,866
539,867
540,868
540,869
544,873
545,873
552,880
554,880
555,881
558,881
559,882
563,882
564,883
566,883
564,883
563,882
559,882
558,881
555,881
554,880
552,880
545,873
544,873
540,869
540,868
539,867
539,866
538,865
538,864
536,862
536,861
535,860
535,859
534,858
534,856
533,855
533,854
532,853
532,852
531,851
531,850
530,849
530,847
528,845
528,844
523,839
527,835
528,835
529,834
535,834
536,833
537,833
538,832
539,832
540,831
545,831
550,836
552,836
553,837
565,837
566,836
568,836
569,835
580,835
581,836
606,836
607,835
606,836
581,836
580,835
569,835
568,836
566,836
565,837
553,837
552,836
550,836
545,831
540,831
539,832
538,832
537,833
536,833
535,834
529,834
528,835
527,835
523,839
518,839
517,838
515,838
513,836
513,830
512,829
512,825
511,824
511,819
510,818
510,816
532,794
534,794
535,793
540,793
541,794
546,794
547,795
555,795
556,796
557,796
558,797
560,797
563,800
563,801
565,803
564,804
564,805
563,806
565,804
575,804
576,805
583,805
584,806
591,806
592,807
594,807
595,808
597,808
598,809
613,809
614,810
618,810
619,811
623,811
624,812
625,812
632,819
631,820
631,821
630,822
630,823
618,835
612,835
618,835
630,823
630,822
631,821
631,820
632,819
667,819
668,818
679,818
681,820
672,829
672,833
671,834
672,833
672,829
681,820
687,820
690,823
691,823
692,824
697,824
698,825
698,827
699,828
699,830
700,831
700,832
704,836
700,832
700,831
699,830
699,828
698,827
698,824
699,823
703,823
704,822
714,822
715,821
716,821
722,815
722,814
723,813
723,812
726,809
727,809
728,808
730,808
731,807
736,807
737,806
739,806
740,805
744,805
745,804
747,804
748,803
750,803
751,802
758,802
759,801
766,801
767,800
774,800
775,799
780,799
781,798
787,798
788,797
793,797
794,798
794,799
795,800
795,801
796,802
796,803
797,804
797,805
799,807
799,808
803,812
803,813
804,814
804,819
804,814
803,813
803,812
799,808
799,807
797,805
797,804
796,803
796,802
795,801
795,800
794,799
794,796
795,795
795,794
797,792
806,792
807,791
812,791
813,790
819,790
820,789
825,789
831,783
836,783
838,781
836,783
831,783
825,789
820,789
819,790
813,790
812,791
807,791
806,792
798,792
797,791
797,790
798,789
798,788
799,787
799,786
801,784
801,783
802,782
802,781
803,780
803,779
804,778
803,779
803,780
802,781
802,782
801,783
801,784
799,786
799,787
798,788
798,789
797,790
797,791
796,792
796,793
795,794
795,795
793,797
788,797
787,798
781,798
780,799
775,799
774,800
767,800
766,801
759,801
758,802
751,802
750,803
748,803
747,804
745,804
744,805
740,805
739,806
737,806
736,807
731,807
730,808
728,808
727,809
726,809
723,812
723,813
722,814
722,815
716,821
715,821
714,822
704,822
703,823
699,823
698,824
692,824
691,823
690,823
687,820
687,819
691,815
686,820
681,820
679,818
668,818
667,819
632,819
625,812
624,812
623,811
619,811
618,810
614,810
613,809
598,809
597,808
595,808
594,807
592,807
591,806
584,806
583,805
576,805
575,804
566,804
563,801
563,800
560,797
558,797
557,796
556,796
555,795
547,795
546,794
541,794
540,793
535,793
534,794
532,794
511,815
509,815
500,806
501,805
501,799
502,798
502,787
503,786
503,783
504,782
504,777
505,776
505,772
506,771
506,766
507,765
507,761
508,760
508,756
509,755
509,751
510,750
510,748
514,744
515,744
516,743
517,743
521,739
521,738
523,736
523,735
524,734
524,732
525,731
525,730
526,729
526,728
530,724
530,723
531,722
531,721
532,720
532,719
534,717
540,723
544,723
545,722
546,722
547,721
548,721
549,720
551,720
552,719
553,719
554,718
556,718
554,718
553,719
552,719
551,720
549,720
548,721
547,721
546,722
545,722
544,723
540,723
534,717
534,711
535,710
535,709
536,708
536,707
537,706
537,705
538,704
538,703
539,702
539,700
540,699
540,696
541,695
541,692
544,689
545,689
546,688
548,688
549,687
550,687
551,686
552,686
554,684
555,684
556,683
558,683
559,682
561,682
562,681
563,681
564,680
565,680
570,685
570,686
573,689
573,696
572,697
572,698
571,699
571,701
570,702
570,703
569,704
570,703
570,702
571,701
571,699
572,698
572,697
573,696
573,689
570,686
571,685
578,685
579,684
583,684
584,683
587,683
588,682
589,682
590,681
593,681
594,680
596,680
594,680
593,681
590,681
589,682
588,682
587,683
584,683
583,684
579,684
578,685
570,685
565,680
565,679
566,678
566,677
567,676
567,675
568,674
568,673
569,672
569,671
570,670
570,668
571,667
571,666
572,665
572,664
573,663
573,662
574,661
574,659
575,658
575,657
576,656
576,652
577,651
577,649
581,645
582,645
583,644
586,644
587,643
588,643
590,641
590,639
591,638
591,637
595,633
596,633
597,632
603,632
604,631
605,631
606,630
632,630
633,629
640,629
641,628
645,628
646,627
648,627
649,626
657,626
658,625
665,625
666,624
673,624
674,623
691,623
692,622
703,622
704,621
708,621
709,622
709,628
708,629
709,628
709,621
710,620
713,620
714,619
716,619
718,617
721,617
722,616
723,616
725,614
726,614
728,612
730,612
731,611
736,611
737,610
740,610
742,608
742,607
743,606
743,605
744,604
745,604
747,602
749,602
750,601
753,601
754,600
757,600
760,597
760,596
761,595
761,594
762,593
762,592
763,591
763,590
764,589
764,588
765,587
765,586
766,585
766,584
768,582
768,581
769,580
769,578
770,577
770,575
771,574
771,572
772,571
772,570
773,569
773,568
774,567
774,566
775,565
775,564
776,563
776,561
777,560
777,559
778,558
778,556
779,555
779,554
780,553
780,551
781,550
781,548
782,547
782,546
783,545
785,545
786,544
788,544
789,543
791,543
792,542
797,542
804,549
812,549
813,548
812,549
804,549
797,542
792,542
791,543
789,543
788,544
786,544
785,545
782,545
780,543
779,543
778,542
776,542
771,537
771,536
769,534
769,533
768,532
768,531
767,530
767,529
763,525
760,525
759,524
757,524
756,523
752,523
751,522
745,522
744,521
742,521
741,520
735,520
734,519
727,519
726,518
720,518
719,517
711,517
710,516
696,516
695,515
674,515
673,514
672,515
642,515
641,516
635,516
634,515
617,515
616,516
600,516
599,517
589,517
588,518
583,518
582,519
578,519
577,520
574,520
573,521
572,521
569,524
568,524
567,525
566,525
564,527
563,527
562,528
561,528
558,531
547,520
541,520
540,521
529,521
528,522
520,522
519,523
517,523
516,524
515,524
514,525
509,525
508,526
501,526
500,527
491,527
490,528
489,528
488,529
487,529
486,530
480,530
479,531
473,531
472,532
471,532
470,533
465,533
464,534
461,534
460,535
459,535
457,537
457,538
455,540
455,541
452,544
452,545
451,546
448,546
447,547
441,547
440,548
435,548
434,549
432,549
431,550
430,550
429,551
420,551
419,552
412,552
411,553
406,553
405,554
401,554
400,555
396,555
395,556
393,556
392,557
391,557
390,558
388,558
387,559
385,559
384,560
383,560
382,561
381,561
380,562
378,562
374,566
373,566
372,567
364,567
363,568
359,568
358,569
352,569
351,570
343,570
342,571
339,571
338,572
334,572
333,573
330,573
329,574
323,574
322,575
313,575
312,576
310,576
309,577
301,577
300,578
293,578
292,579
284,579
283,580
280,580
279,581
270,581
269,582
257,582
256,583
235,583
234,584
212,584
211,585
208,585
207,584
199,584
198,583
194,583
192,581
192,580
191,579
190,579
189,578
187,578
186,577
185,577
184,576
181,576
180,575
178,575
177,574
175,574
174,573
171,573
170,572
168,572
166,570
165,570
164,569
163,569
161,567
160,567
159,566
158,566
157,565
156,565
155,564
153,564
152,563
151,563
150,562
148,562
147,561
144,561
143,560
141,560
140,559
139,559
137,557
136,557
135,556
134,556
133,555
132,555
129,552
129,551
127,549
126,549
125,548
124,548
123,547
121,547
120,546
119,546
108,535
108,500
109,499
109,496
110,495
110,493
111,492
111,491
114,488
114,487
115,486
115,485
117,483
118,483
121,480
122,480
127,475
128,475
129,474
129,472
130,471
130,470
134,466
135,466
136,465
137,465
139,463
139,461
140,460
140,459
141,458
142,458
143,457
144,457
145,456
146,456
147,455
149,455
150,454
151,454
152,453
154,453
155,452
156,452
158,450
158,449
161,446
162,446
169,439
170,439
173,436
174,436
175,435
177,435
178,434
180,434
181,433
182,433
186,429
187,429
189,427
190,427
191,426
192,426
193,425
195,425
197,423
199,423
200,422
202,422
203,421
205,421
206,420
209,420
213,416
213,415
214,414
214,413
217,410
218,410
219,409
224,409
225,408
227,408
229,406
230,406
231,405
235,405
236,404
239,404
241,402
243,402
244,401
246,401
247,400
249,400
251,398
252,398
253,397
264,397
265,396
266,396
267,395
289,395
290,394
301,394
302,395
302,398
302,393
305,390
307,390
308,389
311,389
312,388
319,388
320,387
323,387
325,385
326,385
327,384
331,384
332,383
340,383
341,382
358,382
359,381
380,381
381,382
383,382
384,383
434,383
435,382
438,382
439,383
459,383
460,384
470,384
471,385
473,385
475,387
509,387
510,386
515,386
516,385
526,385
527,384
532,384
533,383
537,383
538,382
540,382
541,381
543,381
544,380
551,380
552,379
558,379
559,378
561,378
563,376
564,376
565,375
566,375
567,374
568,374
571,371
573,371
574,370
575,370
577,368
578,368
579,367
580,367
583,364
584,364
585,363
586,363
587,362
588,362
589,361
590,361
591,360
593,360
594,359
596,359
597,358
598,358
599,357
602,357
603,356
604,356
605,355
606,355
607,354
608,354
609,353
610,353
611,352
612,352
613,351
615,351
616,350
617,350
618,349
619,349
620,348
621,348
622,347
623,347
624,346
626,346
627,345
628,345
629,344
630,344
631,343
631,341
632,340
632,337
633,336
633,334
634,333
634,331
635,330
635,328
636,327
636,325
637,324
637,323
638,322
638,320
639,319
639,315
640,314
640,311
639,310
639,309
638,308
638,306
637,305
637,303
636,302
636,300
634,298
634,297
632,295
632,294
629,291
628,291
626,289
625,289
624,288
623,288
622,287
619,287
618,286
617,286
616,285
615,285
607,277
606,277
605,276
604,276
603,275
601,275
600,274
597,274
596,273
590,273
589,272
586,272
585,271
582,271
581,270
577,270
576,269
575,269
574,268
571,268
570,267
549,267
548,268
529,268
528,269
515,269
514,270
489,270
488,271
462,271
461,270
428,270
427,271
398,271
397,272
372,272
371,271
369,271
368,270
366,270
365,269
362,269
361,268
358,268
356,266
356,265
353,262
353,261
352,260
352,259
349,256
349,255
346,252
345,252
344,251
343,251
339,247
338,247
337,246
336,246
335,245
333,245
332,244
331,244
330,243
329,243
328,242
327,242
320,235
318,235
317,234
312,234
311,233
310,233
305,228
305,225
306,224
306,220
307,219
307,215
308,214
308,207
309,206
309,204
310,203
310,201
311,200
311,198
312,197
312,196
313,195
313,193
318,188
319,188
321,186
324,186
325,185
329,185
330,184
333,184
334,183
335,183
337,181
337,180
338,179
338,172
343,167
344,167
346,165
348,165
349,164
350,164
351,163
352,163
353,162
362,162
363,161
366,161
367,160
371,160
372,159
375,159
376,158
379,158
380,157
384,157
385,156
387,156
388,155
389,155
390,154
392,154
393,153
394,153
399,148
400,148
402,146
404,146
405,145
407,145
408,144
420,144
421,143
427,143
428,142
429,142
432,139
433,139
434,138
435,138
436,137
450,137
459,146
450,137
452,135
454,135
455,134
462,134
463,133
470,133
471,132
476,132
477,131
513,131
514,132
514,141
513,142
513,145
512,146
512,147
512,146
513,145
513,142
514,141
514,131
515,130
517,130
518,129
523,129
524,128
535,128
536,127
541,127
542,126
555,126
556,125
565,125
566,124
569,124
570,125
572,125
573,126
575,126
576,127
579,127
580,128
635,128
636,129
650,129
651,128
658,128
659,129
660,129
661,128
662,128
663,129
664,129
665,128
668,128
669,129
673,129
674,128
675,128
676,129
677,129
681,133
681,134
684,137
684,138
685,139
686,139
687,140
688,140
689,141
692,141
693,142
696,142
697,143
698,143
699,144
700,144
701,145
703,145
704,146
717,146
718,147
720,147
721,148
732,148
733,149
736,149
737,150
740,150
741,151
742,151
743,152
744,152
745,153
749,153
750,154
752,154
753,155
758,155
759,156
762,156
763,157
765,157
766,158
768,158
769,159
770,159
771,160
773,160
774,161
775,161
776,162
777,162
780,165
780,170
781,171
781,182
782,183
782,184
784,186
784,187
785,188
785,189
791,195
791,196
790,197
790,204
789,205
789,236
788,237
788,241
787,242
787,245
786,246
786,249
785,250
785,253
784,254
784,256
783,257
783,258
782,259
779,259
778,260
777,260
776,261
775,261
774,262
773,262
772,263
769,263
768,264
767,264
766,265
764,265
763,266
760,266
759,267
758,267
757,268
755,268
754,269
753,269
752,270
751,270
748,273
747,273
746,274
745,274
746,274
747,273
748,273
751,270
752,270
753,269
754,269
755,268
757,268
758,267
759,267
760,266
763,266
764,265
766,265
767,264
768,264
769,263
772,263
773,262
774,262
775,261
776,261
777,260
778,260
779,259
783,259
784,260
784,261
785,262
785,263
786,264
786,265
787,266
787,267
788,268
788,269
789,270
790,270
792,272
795,272
797,274
797,275
799,277
799,278
800,279
800,280
802,282
802,283
806,287
807,287
808,288
812,288
813,289
824,289
825,290
834,290
835,291
845,291
846,292
859,292
860,291
862,291
863,290
866,290
868,288
868,287
869,286
869,285
873,281
875,281
876,280
885,280
886,279
897,279
898,278
923,278
924,277
931,277
932,276
941,276
942,275
958,275
959,276
960,276
961,277
963,277
964,278
972,278
973,277
1017,277
1018,276
1019,277
1045,277
1046,278
1052,278
1053,279
1059,279
1060,280
1068,280
1069,281
1079,281
1080,282
1093,282
1094,283
1098,283
1099,284
1131,284
1132,285
1136,285
1137,286
1144,286
1145,287
1147,287
1148,288
1149,288
1150,289
1152,289
1153,290
1154,290
1158,294
1159,294
1161,296
1170,296
1171,297
1174,297
1175,298
1177,298
1178,299
1179,299
1180,300
1181,300
1183,302
1184,302
1185,303
1187,303
1188,304
1188,305
1189,306
1189,307
1190,308
1190,309
1191,310
1191,311
1192,312
1192,313
1193,314
1193,316
1194,317
1194,320
1195,321
1195,330
1196,331
1196,333
1197,334
1197,335
1198,336
1198,337
1200,339
1200,340
1204,344
1205,344
1207,346
1208,346
1211,349
1213,349
1217,353
1217,354
1220,357
1220,358
1221,359
1221,360
1222,361
1222,363
1223,364
1223,366
1226,369
1226,370
1229,373
1229,377
1230,378
1230,380
1231,381
1231,382
1236,387
1236,388
1237,389
1237,395
1238,396
1238,399
1223,414
1223,415
1220,418
1220,419
1219,420
1219,421
1215,425
1211,425
1210,424
1206,424
1205,423
1204,423
1203,422
1201,422
1203,422
1204,423
1205,423
1206,424
1210,424
1211,425
1215,425
1219,421
1219,420
1220,419
1220,418
1223,415
1223,414
1237,400
1239,400
1241,402
1242,402
1245,405
1246,405
1247,406
1249,406
1250,407
1253,407
1254,408
1255,408
1256,409
1257,409
1259,411
1260,411
1261,412
1262,412
1263,413
1264,413
1265,414
1267,414
1268,415
1273,415
1274,416
1278,416
1279,417
1280,417
1281,418
1282,418
1283,419
1285,419
1286,420
1287,420
1288,421
1290,421
1291,422
1292,422
1294,424
1294,425
1297,428
1297,429
1299,431
1300,431
1301,432
1302,432
1303,433
1304,433
1305,434
1310,434
1311,435
1314,435
1315,436
1316,436
1315,436
1314,435
1311,435
1310,434
1305,434
1304,433
1303,433
1302,432
1301,432
1300,431
1299,431
1297,429
1297,428
1294,425
1294,424
1292,422
1291,422
1290,421
1288,421
1287,420
1286,420
1285,419
1283,419
1282,418
1281,418
1280,417
1279,417
1278,416
1274,416
1273,415
1268,415
1267,414
1265,414
1264,413
1263,413
1262,412
1261,412
1260,411
1259,411
1257,409
1256,409
1255,408
1254,408
1253,407
1250,407
1249,406
1247,406
1246,405
1245,405
1242,402
1241,402
1238,399
1238,396
1237,395
1237,389
1236,388
1236,387
1231,382
1231,381
1230,380
1230,378
1229,377
1229,373
1226,370
1226,369
1223,366
1223,364
1222,363
1222,361
1221,360
1221,359
1220,358
1220,357
1217,354
1217,353
1213,349
1211,349
1208,346
1207,346
1205,344
1204,344
1200,340
1200,339
1198,337
1198,336
1197,335
1197,334
1196,333
1196,331
1195,330
1195,321
1194,320
1194,317
1193,316
1193,314
1192,313
1192,312
1191,311
1191,310
1190,309
1190,308
1189,307
1189,306
1188,305
1188,304
1187,303
1197,293
1198,293
1199,292
1201,292
1202,291
1205,291
1206,290
1213,290
1214,289
1215,289
1220,284
1225,284
1220,284
1215,289
1214,289
1213,290
1206,290
1205,291
1202,291
1201,292
1199,292
1198,293
1197,293
1187,303
1185,303
1184,302
1183,302
1181,300
1180,300
1179,299
1178,299
1177,298
1175,298
1174,297
1171,297
1170,296
1161,296
1159,294
1158,294
1154,290
1153,290
1152,289
1150,289
1149,288
1148,288
1147,287
1145,287
1144,286
1137,286
1136,285
1132,285
1131,284
1099,284
1098,283
1094,283
1093,282
1080,282
1079,281
1069,281
1068,280
1060,280
1059,279
1053,279
1052,278
1046,278
1045,277
1019,277
1018,276
1017,277
973,277
972,278
964,278
963,277
961,277
960,276
959,276
958,275
942,275
941,276
932,276
931,277
924,277
923,278
898,278
897,279
886,279
885,280
876,280
875,281
873,281
871,279
871,278
869,276
869,275
867,273
867,272
866,271
866,270
865,269
865,267
864,266
864,264
850,250
848,250
847,249
841,249
840,248
839,248
838,249
824,249
823,250
820,250
819,251
818,251
797,272
792,272
790,270
789,270
788,269
788,268
787,267
787,266
786,265
786,264
785,263
785,262
784,261
784,260
783,259
783,257
784,256
784,254
785,253
785,250
786,249
786,246
787,245
787,242
788,241
788,237
789,236
789,205
790,204
790,197
791,196
791,195
792,194
793,194
794,193
795,193
796,192
798,192
799,191
801,191
802,190
803,190
805,188
806,188
814,180
815,180
814,180
806,188
805,188
803,190
802,190
801,191
799,191
798,192
796,192
795,193
794,193
793,194
792,194
791,195
785,189
785,188
784,187
784,186
782,184
782,183
781,182
781,171
780,170
780,165
777,162
776,162
775,161
774,161
773,160
771,160
770,159
769,159
768,158
766,158
765,157
763,157
762,156
759,156
758,155
753,155
752,154
750,154
749,153
745,153
744,152
743,152
742,151
741,151
740,150
737,150
736,149
733,149
732,148
721,148
720,147
718,147
717,146
704,146
703,145
701,145
700,144
699,144
698,143
697,143
696,142
693,142
692,141
689,141
688,140
687,140
686,139
685,139
684,138
684,137
681,134
681,133
677,129
677,128
688,117
676,129
675,128
674,128
673,129
669,129
668,128
665,128
664,129
663,129
662,128
661,128
660,129
659,129
658,128
651,128
650,129
636,129
635,128
580,128
579,127
576,127
575,126
573,126
572,125
570,125
569,124
569,123
571,121
571,118
1407,0
1407,2
1408,3
1408,5
1408,3
1407,2
